{
  "best_global_step": 200,
  "best_metric": 1.6546664237976074,
  "best_model_checkpoint": "outputs\\checkpoint-200",
  "epoch": 0.034432297495050355,
  "eval_steps": 100,
  "global_step": 200,
  "is_hyper_param_search": false,
  "is_local_process_zero": true,
  "is_world_process_zero": true,
  "log_history": [
    {
      "epoch": 0.017216148747525178,
      "grad_norm": 1.2734222412109375,
      "learning_rate": 0.00016202020202020202,
      "loss": 1.9175,
      "step": 100
    },
    {
      "epoch": 0.017216148747525178,
      "eval_loss": 1.7542028427124023,
      "eval_runtime": 159.0035,
      "eval_samples_per_second": 32.471,
      "eval_steps_per_second": 4.063,
      "step": 100
    },
    {
      "epoch": 0.034432297495050355,
      "grad_norm": 1.2579237222671509,
      "learning_rate": 0.00012161616161616162,
      "loss": 1.6829,
      "step": 200
    },
    {
      "epoch": 0.034432297495050355,
      "eval_loss": 1.6546664237976074,
      "eval_runtime": 139.2904,
      "eval_samples_per_second": 37.066,
      "eval_steps_per_second": 4.638,
      "step": 200
    }
  ],
  "logging_steps": 100,
  "max_steps": 500,
  "num_input_tokens_seen": 0,
  "num_train_epochs": 1,
  "save_steps": 100,
  "stateful_callbacks": {
    "TrainerControl": {
      "args": {
        "should_epoch_stop": false,
        "should_evaluate": false,
        "should_log": false,
        "should_save": true,
        "should_training_stop": false
      },
      "attributes": {}
    }
  },
  "total_flos": 4215910798030848.0,
  "train_batch_size": 2,
  "trial_name": null,
  "trial_params": null
}
